{
    "theme": {
        "body": {
            "backgroundColor": "rgba(250, 250, 250, 1)",
            "image": "",
            "imageAttachment": "scroll",
            "imagePosition": "top center",
            "imageRepeat": "no-repeat",
            "imageSize": "auto",
            "toTopbackgroundColor": "rgba(143, 3, 143, 0.8)",
            "toTopColor": "rgba(255, 255, 255, 1)"
        },
        "footer": {
            "backgroundColor": "rgba(255, 255, 255, 1)",
            "font": "Open+Sans",
            "fontSize": ".8em",
            "fontWeight": "normal",
            "height": "5px",
            "loginLink": true,
            "margin": true,
            "position": "site",
            "textColor": "rgba(33, 34, 35, 1)",
            "copyrightPosition": "right",
            "copyrightAlign": "right",
            "text": "<p>Pied de page personnalisé<\/p>",
            "textPosition": "left",
            "textAlign": "left",
            "textTransform": "none",
            "socialsPosition": "center",
            "socialsAlign": "center",
            "displayVersion": true,
            "displaySiteMap": true,
            "displayCopyright": false,
            "displayLegal": false,
            "displaySearch": false,
            "displayMemberBar": false,
            "template": "3"
        },
        "header": {
            "backgroundColor": "rgba(32, 59, 82, 1)",
            "font": "Arimo",
            "fontSize": "2.4vmax",
            "fontWeight": "normal",
            "height": "150px",
            "wide": "none",
            "image": "banniereb.png",
            "imagePosition": "center center",
            "imageRepeat": "no-repeat",
            "margin": false,
            "position": "body",
            "textAlign": "left",
            "textColor": "rgba(89, 3, 114, 1)",
            "textHide": false,
            "textTransform": "none",
            "linkHomePage": true,
            "imageContainer": "cover",
            "tinyHidden": false,
            "feature": "wallpaper",
            "featureContent": ""
        },
        "menu": {
            "backgroundColor": "rgba(250, 250, 250, 1)",
            "backgroundColorSub": "rgba(250, 250, 250, 1)",
            "font": "Open+Sans",
            "fontSize": "1em",
            "fontWeight": "bold",
            "height": "15px 10px",
            "wide": "none",
            "loginLink": false,
            "margin": false,
            "position": "body-second",
            "textAlign": "right",
            "textColor": "rgba(89, 3, 114, 1)",
            "textTransform": "capitalize",
            "fixed": false,
            "activeColorAuto": true,
            "activeColor": "rgba(255, 255, 255, 1)",
            "activeTextColor": "rgba(138, 3, 179, 1)",
            "radius": "9px 9px 0px 0px",
            "burgerTitle": false,
            "memberBar": true,
            "burgerLogo": "",
            "burgerContent": "none"
        },
        "site": {
            "backgroundColor": "rgba(255, 255, 255, 1)",
            "radius": "0px",
            "shadow": "0px",
            "width": "1170px",
            "margin": true
        },
        "block": {
            "backgroundColor": "rgba(236, 239, 241, 1)",
            "borderColor": "rgba(236, 239, 241, 1)"
        },
        "text": {
            "font": "Arvo",
            "fontSize": "12px",
            "textColor": "rgba(33, 34, 35, 1)",
            "linkColor": "rgba(89, 3, 114, 1)"
        },
        "title": {
            "font": "Oswald",
            "textColor": "rgba(89, 3, 114, 1)",
            "fontWeight": "normal",
            "textTransform": "none"
        },
        "button": {
            "backgroundColor": "rgba(61, 5, 81, 1)"
        },
        "version": 0
    }
}